INSERT INTO bus (numero_Immatriculation, date_mise__service, nombre_annees_service, poids_total)
VALUES  ('A|22|1234', "2016-01-01", '4', '5000'),
		('f|22|1234', "2016-01-01", '4', '5100'),
		('b|22|1234', "2017-01-01", '3', '6000'),
        ('c|22|1234', "2019-01-01", '1', '5700'),
        ('d|22|1234', "2015-01-01", '5', '5690'),
        ('e|22|1234', "2013-01-01", '7', '4900');
        
INSERT INTO carrosserie (numero_carrosserie_, numero_Immatriculation, poids, couleur)
VALUES ('000000', 'A|22|1234', '100', 'blue'),
		('1111111', 'b|22|1234', '111', 'blue'),
        ('2222222', 'c|22|1234', '222', 'blue'),
        ('3333333', 'd|22|1234', '333', 'blue'),
        ('4444444', 'e|22|1234', '444', 'blue'),
		('5555555', 'f|22|1234', '555', 'blue');
        
INSERT INTO conducteur (numero_permis, numero_Immatriculation, nom, prenom, sexe, age)
VALUES  ('00/323223', 'A|22|1234', 'karim', 'karam', 'M', '30'),
		('02/323223', 'b|22|1234', 'hassn', 'housni', 'M', '40'),
        ('03/323223', 'c|22|1234', 'hasna', 'hassania', 'F', '29'),
        ('04/323223', 'd|22|1234', 'jamal', 'kjamil', 'M', '52'),
        ('05/323223', 'e|22|1234', 'saaid', 'massaoud', 'M', '24'),
        ('06/323223', 'f|22|1234', 'amina', 'amin', 'F', '37');
        
INSERT INTO enfant (id, numero_Immatriculation, nom, prenom, sexe, age)
VALUES ('01', 'A|22|1234', 'karim', 'karam', 'M', '15'),
		('02', 'b|22|1234', 'hassn', 'housni', 'M', '13'),
        ('03', 'c|22|1234', 'hasna', 'hassania', 'F', '17'),
        ('04', 'd|22|1234', 'jamal', 'kjamil', 'M', '18'),
        ('05', 'e|22|1234', 'saaid', 'massaoud', 'M', '14'),
        ('06', 'f|22|1234', 'amina', 'amin', 'F', '17');

INSERT INTO roue (numero__roue, numero_Immatriculation, pression, diametre)
VALUES  ('01', 'A|22|1234', '8', '700'),
		('02', 'A|22|1234', '8', '700'),
        ('03', 'A|22|1234', '8', '700'),
        ('04', 'A|22|1234', '8', '700'),
        ('05', 'A|22|1234', '8', '700'),
        ('06', 'A|22|1234', '8', '700'),
        
        ('01', 'b|22|1234', '8', '700'),
		('02', 'b|22|1234', '8', '700'),
        ('03', 'b|22|1234', '8', '700'),
        ('04', 'b|22|1234', '8', '700'),
        ('05', 'b|22|1234', '8', '700'),
        ('06', 'b|22|1234', '8', '700'),
        
        ('01', 'c|22|1234', '8', '700'),
		('02', 'c|22|1234', '8', '700'),
        ('03', 'c|22|1234', '8', '700'),
        ('04', 'c|22|1234', '8', '700'),
        ('05', 'c|22|1234', '8', '700'),
        ('06', 'c|22|1234', '8', '700'),
        
        ('01', 'd|22|1234', '8', '700'),
		('02', 'd|22|1234', '8', '700'),
        ('03', 'd|22|1234', '8', '700'),
        ('04', 'd|22|1234', '8', '700'),
        ('05', 'd|22|1234', '8', '700'),
        ('06', 'd|22|1234', '8', '700'),
        
        ('01', 'e|22|1234', '8', '700'),
		('02', 'e|22|1234', '8', '700'),
        ('03', 'e|22|1234', '8', '700'),
        ('04', 'e|22|1234', '8', '700'),
        ('05', 'e|22|1234', '8', '700'),
        ('06', 'e|22|1234', '8', '700'),
        
        ('01', 'f|22|1234', '8', '700'),
		('02', 'f|22|1234', '8', '700'),
        ('03', 'f|22|1234', '8', '700'),
        ('04', 'f|22|1234', '8', '700'),
        ('05', 'f|22|1234', '8', '700'),
        ('06', 'f|22|1234', '8', '700');


INSERT INTO siege (numero_siege, numero_Immatriculation, couleur)
VALUES  ('01', 'A|22|1234', 'blue'),
		('02', 'A|22|1234', 'red'),
        ('03', 'A|22|1234', 'blue'),
        ('04', 'A|22|1234', 'red'),
        ('05', 'A|22|1234', 'green'),
        ('06', 'A|22|1234', 'black'),
        ('07', 'A|22|1234', 'gray'),
        ('08', 'A|22|1234', 'yellow'),
        
        ('01', 'b|22|1234', 'white'),
		('02', 'b|22|1234', 'white'),
        ('03', 'b|22|1234', 'white'),
        ('04', 'b|22|1234', 'white'),
        ('05', 'b|22|1234', 'white'),
        ('06', 'b|22|1234', 'white'),
        ('07', 'b|22|1234', 'white'),
        ('08', 'b|22|1234', 'white'),
        
        ('01', 'c|22|1234', 'white'),
		('02', 'c|22|1234', 'white'),
        ('03', 'c|22|1234', 'white'),
        ('04', 'c|22|1234', 'white'),
        ('05', 'c|22|1234', 'white'),
        ('06', 'c|22|1234', 'white'),
        ('07', 'c|22|1234', 'white'),
        ('08', 'c|22|1234', 'white'),
        
        ('01', 'd|22|1234', 'white'),
		('02', 'd|22|1234', 'white'),
        ('03', 'd|22|1234', 'white'),
        ('04', 'd|22|1234', 'white'),
        ('05', 'd|22|1234', 'white'),
        ('06', 'd|22|1234', 'white'),
        ('07', 'd|22|1234', 'white'),
        ('08', 'd|22|1234', 'white'),
        
        ('01', 'e|22|1234', 'white'),
		('02', 'e|22|1234', 'white'),
        ('03', 'e|22|1234', 'white'),
        ('04', 'e|22|1234', 'white'),
        ('05', 'e|22|1234', 'white'),
        ('06', 'e|22|1234', 'white'),
        ('07', 'e|22|1234', 'white'),
        ('08', 'e|22|1234', 'white'),
        
        ('01', 'f|22|1234', 'white'),
		('02', 'f|22|1234', 'white'),
        ('03', 'f|22|1234', 'white'),
        ('04', 'f|22|1234', 'white'),
        ('05', 'f|22|1234', 'white'),
        ('06', 'f|22|1234', 'white'),
        ('07', 'f|22|1234', 'white'),
        ('08', 'f|22|1234', 'white');
        
INSERT INTO vitre (numero_vitre, numero_Immatriculation, epaisseur, poids)
VALUES  ('01', 'A|22|1234', '5', '8'),
		('02', 'A|22|1234', '5', '8'),
        ('03', 'A|22|1234', '5', '8'),
        ('04', 'A|22|1234', '5', '8'),
        ('05', 'A|22|1234', '5', '8'),
        ('06', 'A|22|1234', '5', '8'),
        ('07', 'A|22|1234', '5', '8'),
        ('08', 'A|22|1234', '5', '8'),
        
        ('01', 'b|22|1234', '5', '8'),
		('02', 'b|22|1234', '5', '8'),
        ('03', 'b|22|1234', '5', '8'),
        ('04', 'b|22|1234', '5', '8'),
        ('05', 'b|22|1234', '5', '8'),
        ('06', 'b|22|1234', '5', '8'),
        ('07', 'b|22|1234', '5', '8'),
        ('08', 'b|22|1234', '5', '8'),
        
        ('01', 'c|22|1234', '6', '11'),
		('02', 'c|22|1234', '6', '11'),
        ('03', 'c|22|1234', '6', '11'),
        ('04', 'c|22|1234', '6', '11'),
        ('05', 'c|22|1234', '6', '11'),
        ('06', 'c|22|1234', '6', '11'),
        ('07', 'c|22|1234', '6', '11'),
        ('08', 'c|22|1234', '6', '11'),
        
        ('01', 'd|22|1234', '6', '11'),
		('02', 'd|22|1234', '6', '11'),
        ('03', 'd|22|1234', '6', '11'),
        ('04', 'd|22|1234', '6', '11'),
        ('05', 'd|22|1234', '6', '11'),
        ('06', 'd|22|1234', '6', '11'),
        ('07', 'd|22|1234', '6', '11'),
        ('08', 'd|22|1234', '6', '11'),
        
        ('01', 'e|22|1234', '5', '8'),
		('02', 'e|22|1234', '5', '8'),
        ('03', 'e|22|1234', '5', '8'),
        ('04', 'e|22|1234', '5', '8'),
        ('05', 'e|22|1234', '5', '8'),
        ('06', 'e|22|1234', '5', '8'),
        ('07', 'e|22|1234', '5', '8'),
        ('08', 'e|22|1234', '5', '8'),
        
        ('01', 'f|22|1234', '5', '8'),
		('02', 'f|22|1234', '5', '8'),
        ('03', 'f|22|1234', '5', '8'),
        ('04', 'f|22|1234', '5', '8'),
        ('05', 'f|22|1234', '5', '8'),
        ('06', 'f|22|1234', '5', '8'),
        ('07', 'f|22|1234', '5', '8'),
        ('08', 'f|22|1234', '5', '8');